{
    "min": {
    },
    "max": {
        "iclf-efnet": [
            120.0,
            118.8111572265625,
            120.0
        ],
        "iclf-mnet": [
            102.6425552368164,
            105.85325622558594,
            108.42182922363281
        ],
        "iclf-mvit": [
            81.0706787109375,
            88.86546325683594,
            95.1012954711914
        ],
        "kalman-gru": [
            0.012417145073413849,
            0.003949642181396484,
            0.08132541179656982
        ],
        "tclf-gcn": [
            13.368155479431152,
            17.26291275024414,
            22.0528507232666
        ],
        "text-bert": [
            41.83883285522461,
            46.11003112792969,
            56.48748016357422
        ],
        "text-tbert": [
            8.286052703857422,
            9.772259712219238,
            13.742752075195312
        ],
        "tstr-lstm": [
            0.525345504283905,
            0.6639305353164673,
            0.7699626684188843
        ]
    }
}