{
    "min": {
    },
    "max": {
        "iclf-efnet": [
            0.17184224963375308,
            0.19284760951995847,
            0.21137886047363277
        ],
        "iclf-mnet": [
            0.042116224264898174,
            0.0503497719764709,
            0.06258767843246454
        ],
        "iclf-mvit": [
            0.04474632407679697,
            0.0525410175323486,
            0.063979959487915
        ],
        "kalman-gru": [
            1.904992949767191,
            2.0392861366271973,
            2.1030383706092834
        ],
        "tclf-gcn": [
            0.24443178512036992,
            0.2688255310058594,
            0.2956809520721435
        ],
        "text-bert": [
            0.24765221683346494,
            0.2775654196739196,
            0.2947423458099364
        ],
        "text-tbert": [
            0.1033122380574544,
            0.11602085828781125,
            0.13564075231552117
        ],
        "tstr-lstm": [
            34.77782583236694,
            41.06672811508179,
            41.170597970485694
        ]
    }
}